n,sess_p,sess_time,ctx_p,ctx_time
2,0.49,1.781590,0.3500000000000001,0.409299
3,0.34299999999999997,1.715727,0.17500000000000004,0.411141
4,0.24009999999999998,1.716349,0.08750000000000013,0.411536
5,0.16806999999999994,1.694234,0.043749999999999956,0.422865
6,0.11764900000000011,1.662382,0.02187500000000009,0.431032
7,0.05882450000000028,1.661580,0.010937500000000044,0.438222
8,0.02941225000000003,1.640046,0.005468750000000133,0.452069
9,0.014706125000000236,1.665590,0.0027343749999999556,0.484836
10,0.007353062500000229,1.658132,0.0013671875000000888,0.513084
11,0.0036765312500002256,2.218214,6.835937500000444E-4,0.559414
12,0.0018382656250002238,4.147356,3.417968750001332E-4,0.607205
13,9.191328125002229E-4,8.786991,1.708984374999556E-4,0.667869
14,DNF,DNF,8.544921875008882E-5,0.724778
15,DNF,DNF,4.272460937504441E-5,0.804431
16,DNF,DNF,2.1362304687633227E-5,0.905772
17,DNF,DNF,1.0681152343705591E-5,1.018991
18,DNF,DNF,5.340576171963818E-6,1.164858
19,DNF,DNF,2.670288085981909E-6,1.349031
20,DNF,DNF,1.3351440431019768E-6,1.602044
21,DNF,DNF,1.3351440431019768E-6,1.812540
22,DNF,DNF,1.3351440431019768E-6,2.094214
23,DNF,DNF,1.3351440431019768E-6,2.468177
24,DNF,DNF,1.3351440431019768E-6,2.839692
25,DNF,DNF,1.3351440431019768E-6,3.203988
26,DNF,DNF,1.3351440431019768E-6,3.619079
27,DNF,DNF,1.3351440431019768E-6,4.127535
28,DNF,DNF,1.3351440431019768E-6,4.657805
29,DNF,DNF,1.3351440431019768E-6,5.333639
30,DNF,DNF,1.3351440431019768E-6,6.092448
